{
  "model/models.js": 1731477113039,
  "i18n/i18n.properties": 1731477113039,
  "controller/smarttable.controller.js": 1731995655206,
  "controller/App.controller.js": 1731477113031,
  "manifest.json": 1732008470143,
  "Component.js": 1731477113027,
  "model/models-dbg.js": 1731477113039,
  "model/models.js.map": 1732008470258,
  "controller/smarttable-dbg.controller.js": 1731995655206,
  "controller/smarttable.controller.js.map": 1732008470282,
  "controller/App-dbg.controller.js": 1731477113031,
  "controller/App.controller.js.map": 1732008470281,
  "Component-dbg.js": 1731477113027,
  "Component.js.map": 1732008470258,
  "Component-preload.js": 1732008470360,
  "Component-preload.js.map": 1732008470360,
  "view/smarttable.view.xml": 1731573858009,
  "view/App.view.xml": 1731477113043,
  "css/style.css": 1731477113035,
  "index.html": 1731477113039
}